,Name,PID
0,Jose Abreu,abreujo02
1,Matt Adams,adamsma01
2,Matt Albers,alberma01
3,Yonder Alonso,alonsyo01
4,Jose Altuve,altuvjo01
5,Henderson Alvarez III,alvarhe01
6,Brett Anderson,anderbr04
7,Chase Anderson,anderch01
8,Elvis Andrus,andruel01
9,Chris Archer,archech01
10,Nolan Arenado,arenano01
11,Jake Arrieta,arrieja01
12,Alex Avila,avilaal01
13,Luis Avilan,avilalu01
14,John Axford,axforjo01
15,Erick Aybar,aybarer01
16,Jose Abreu,abreujo02
17,Matt Adams,adamsma01
18,Matt Albers,alberma01
19,Yonder Alonso,alonsyo01
20,Jose Altuve,altuvjo01
21,Henderson Alvarez III,alvarhe01
22,Brett Anderson,anderbr04
23,Chase Anderson,anderch01
24,Elvis Andrus,andruel01
25,Chris Archer,archech01
26,Nolan Arenado,arenano01
27,Jake Arrieta,arrieja01
28,Alex Avila,avilaal01
29,Luis Avilan,avilalu01
30,John Axford,axforjo01
31,Erick Aybar,aybarer01
32,Jose Abreu,abreujo02
33,Matt Adams,adamsma01
34,Matt Albers,alberma01
35,Yonder Alonso,alonsyo01
36,Jose Altuve,altuvjo01
37,Henderson Alvarez III,alvarhe01
38,Brett Anderson,anderbr04
39,Chase Anderson,anderch01
40,Elvis Andrus,andruel01
41,Chris Archer,archech01
42,Nolan Arenado,arenano01
43,Jake Arrieta,arrieja01
44,Alex Avila,avilaal01
45,Luis Avilan,avilalu01
46,John Axford,axforjo01
47,Erick Aybar,aybarer01
48,Javier Baez,baezja01
49,Pedro Baez,baezpe01
50,Homer Bailey,baileho02
51,Trevor Bauer,bauertr01
52,Gordon Beckham,beckhgo01
53,Ronald Belisario,belisro01
54,Brandon Belt,beltbr01
55,Dellin Betances,betande01
56,Chad Bettis,bettich01
57,Mookie Betts,bettsmo01
58,Charlie Blackmon,blackch02
59,Andres Blanco,blancan01
60,Gregor Blanco,blancgr01
61,Jerry Blevins,blevije01
62,Xander Bogaerts,bogaexa01
63,Emilio Bonifacio,bonifem01
64,Justin Bour,bourju01
65,Peter Bourjos,bourjpe01
66,Brad Boxberger,boxbebr01
67,Brad Brach,brachbr01
68,Jackie Bradley Jr.,bradlja02
69,Michael Brantley,brantmi02
70,Ryan Braun,braunry02
71,Zack Britton,brittza01
72,Rex Brothers,brothre01
73,Domonic Brown,browndo01
74,Jay Bruce,bruceja01
75,Kris Bryant,bryankr01
76,Clay Buchholz,buchhcl01
77,Madison Bumgarner,bumgama01
78,Sean Burnett,burnese01
79,Javier Baez,baezja01
80,Pedro Baez,baezpe01
81,Homer Bailey,baileho02
82,Trevor Bauer,bauertr01
83,Gordon Beckham,beckhgo01
84,Ronald Belisario,belisro01
85,Brandon Belt,beltbr01
86,Dellin Betances,betande01
87,Chad Bettis,bettich01
88,Mookie Betts,bettsmo01
89,Charlie Blackmon,blackch02
90,Andres Blanco,blancan01
91,Gregor Blanco,blancgr01
92,Jerry Blevins,blevije01
93,Xander Bogaerts,bogaexa01
94,Emilio Bonifacio,bonifem01
95,Justin Bour,bourju01
96,Peter Bourjos,bourjpe01
97,Brad Boxberger,boxbebr01
98,Brad Brach,brachbr01
99,Jackie Bradley Jr.,bradlja02
100,Michael Brantley,brantmi02
101,Ryan Braun,braunry02
102,Zack Britton,brittza01
103,Rex Brothers,brothre01
104,Domonic Brown,browndo01
105,Jay Bruce,bruceja01
106,Kris Bryant,bryankr01
107,Clay Buchholz,buchhcl01
108,Madison Bumgarner,bumgama01
109,Sean Burnett,burnese01
110,Javier Baez,baezja01
111,Pedro Baez,baezpe01
112,Homer Bailey,baileho02
113,Trevor Bauer,bauertr01
114,Gordon Beckham,beckhgo01
115,Ronald Belisario,belisro01
116,Brandon Belt,beltbr01
117,Dellin Betances,betande01
118,Chad Bettis,bettich01
119,Mookie Betts,bettsmo01
120,Charlie Blackmon,blackch02
121,Andres Blanco,blancan01
122,Gregor Blanco,blancgr01
123,Jerry Blevins,blevije01
124,Xander Bogaerts,bogaexa01
125,Emilio Bonifacio,bonifem01
126,Justin Bour,bourju01
127,Peter Bourjos,bourjpe01
128,Brad Boxberger,boxbebr01
129,Brad Brach,brachbr01
130,Jackie Bradley Jr.,bradlja02
131,Michael Brantley,brantmi02
132,Ryan Braun,braunry02
133,Zack Britton,brittza01
134,Rex Brothers,brothre01
135,Domonic Brown,browndo01
136,Jay Bruce,bruceja01
137,Kris Bryant,bryankr01
138,Clay Buchholz,buchhcl01
139,Madison Bumgarner,bumgama01
140,Sean Burnett,burnese01
141,Asdrubal Cabrera,cabreas01
142,Melky Cabrera,cabreme01
143,Miguel Cabrera,cabremi01
144,Trevor Cahill,cahiltr01
145,Lorenzo Cain,cainlo01
146,Kole Calhoun,calhoko01
147,Robinson Cano,canoro01
148,Jorge Cantu,cantujo01
149,Matt Carpenter,carpema01
150,Carlos Carrasco,carraca01
151,Chris Carter,cartech02
152,Andrew Cashner,cashnan01
153,Nicholas Castellanos,casteni01
154,Welington Castillo,castiwe01
155,Jason Castro,castrja01
156,Starlin Castro,castrst01
157,Brett Cecil,cecilbr01
158,Francisco Cervelli,cervefr01
159,Yoenis Cespedes,cespeyo01
160,Jhoulys Chacin,chacijh01
161,Aroldis Chapman,chapmar01
162,Tyler Chatwood,chatwty01
163,Jesse Chavez,chaveje01
164,Wei-Yin Chen,chenwe02
165,Lonnie Chisenhall,chiselo01
166,Shin-Soo Choo,choosh01
167,Steve Cishek,cishest01
168,Tyler Clippard,clippty01
169,Alex Cobb,cobbal01
170,Gerrit Cole,colege01
171,Patrick Corbin,corbipa01
172,Carlos Correa,correca01
173,Zack Cozart,cozarza01
174,Brandon Crawford,crawfbr01
175,Nelson Cruz,cruzne02
176,Johnny Cueto,cuetojo01
177,Asdrubal Cabrera,cabreas01
178,Melky Cabrera,cabreme01
179,Miguel Cabrera,cabremi01
180,Trevor Cahill,cahiltr01
181,Lorenzo Cain,cainlo01
182,Kole Calhoun,calhoko01
183,Robinson Cano,canoro01
184,Jorge Cantu,cantujo01
185,Matt Carpenter,carpema01
186,Carlos Carrasco,carraca01
187,Chris Carter,cartech02
188,Andrew Cashner,cashnan01
189,Nicholas Castellanos,casteni01
190,Welington Castillo,castiwe01
191,Jason Castro,castrja01
192,Starlin Castro,castrst01
193,Brett Cecil,cecilbr01
194,Francisco Cervelli,cervefr01
195,Yoenis Cespedes,cespeyo01
196,Jhoulys Chacin,chacijh01
197,Aroldis Chapman,chapmar01
198,Tyler Chatwood,chatwty01
199,Jesse Chavez,chaveje01
200,Wei-Yin Chen,chenwe02
201,Lonnie Chisenhall,chiselo01
202,Shin-Soo Choo,choosh01
203,Steve Cishek,cishest01
204,Tyler Clippard,clippty01
205,Alex Cobb,cobbal01
206,Gerrit Cole,colege01
207,Patrick Corbin,corbipa01
208,Carlos Correa,correca01
209,Zack Cozart,cozarza01
210,Brandon Crawford,crawfbr01
211,Nelson Cruz,cruzne02
212,Johnny Cueto,cuetojo01
213,Asdrubal Cabrera,cabreas01
214,Melky Cabrera,cabreme01
215,Miguel Cabrera,cabremi01
216,Trevor Cahill,cahiltr01
217,Lorenzo Cain,cainlo01
218,Kole Calhoun,calhoko01
219,Robinson Cano,canoro01
220,Jorge Cantu,cantujo01
221,Matt Carpenter,carpema01
222,Carlos Carrasco,carraca01
223,Chris Carter,cartech02
224,Andrew Cashner,cashnan01
225,Nicholas Castellanos,casteni01
226,Welington Castillo,castiwe01
227,Jason Castro,castrja01
228,Starlin Castro,castrst01
229,Brett Cecil,cecilbr01
230,Francisco Cervelli,cervefr01
231,Yoenis Cespedes,cespeyo01
232,Jhoulys Chacin,chacijh01
233,Aroldis Chapman,chapmar01
234,Tyler Chatwood,chatwty01
235,Jesse Chavez,chaveje01
236,Wei-Yin Chen,chenwe02
237,Lonnie Chisenhall,chiselo01
238,Shin-Soo Choo,choosh01
239,Steve Cishek,cishest01
240,Tyler Clippard,clippty01
241,Alex Cobb,cobbal01
242,Gerrit Cole,colege01
243,Patrick Corbin,corbipa01
244,Carlos Correa,correca01
245,Zack Cozart,cozarza01
246,Brandon Crawford,crawfbr01
247,Nelson Cruz,cruzne02
248,Johnny Cueto,cuetojo01
249,Yu Darvish,darviyu01
250,Chris Davis,davisch02
251,Khris Davis,daviskh01
252,Rajai Davis,davisra01
253,Wade Davis,daviswa01
254,Jorge De La Rosa,rosajo01
255,Randall Delgado,delgara01
256,Daniel Descalso,descada01
257,Ian Desmond,desmoia01
258,Corey Dickerson,dickeco01
259,Jake Diekman,diekmja01
260,Derek Dietrich,dietrde01
261,Josh Donaldson,donaljo02
262,Sean Doolittle,doolise01
263,Brian Dozier,doziebr01
264,Lucas Duda,dudalu01
265,Brian Duensing,duensbr01
266,Danny Duffy,duffyda01
267,Zach Duke,dukeza01
268,Mike Dunn,dunnmi01
269,Adam Duvall,duvalad01
270,Jarrod Dyson,dysonja01
271,Jacob deGrom,degroja01
272,Yu Darvish,darviyu01
273,Chris Davis,davisch02
274,Khris Davis,daviskh01
275,Rajai Davis,davisra01
276,Wade Davis,daviswa01
277,Jorge De La Rosa,rosajo01
278,Randall Delgado,delgara01
279,Daniel Descalso,descada01
280,Ian Desmond,desmoia01
281,Corey Dickerson,dickeco01
282,Jake Diekman,diekmja01
283,Derek Dietrich,dietrde01
284,Josh Donaldson,donaljo02
285,Sean Doolittle,doolise01
286,Brian Dozier,doziebr01
287,Lucas Duda,dudalu01
288,Brian Duensing,duensbr01
289,Danny Duffy,duffyda01
290,Zach Duke,dukeza01
291,Mike Dunn,dunnmi01
292,Adam Duvall,duvalad01
293,Jarrod Dyson,dysonja01
294,Jacob deGrom,degroja01
295,Yu Darvish,darviyu01
296,Chris Davis,davisch02
297,Khris Davis,daviskh01
298,Rajai Davis,davisra01
299,Wade Davis,daviswa01
300,Jorge De La Rosa,rosajo01
301,Randall Delgado,delgara01
302,Daniel Descalso,descada01
303,Ian Desmond,desmoia01
304,Corey Dickerson,dickeco01
305,Jake Diekman,diekmja01
306,Derek Dietrich,dietrde01
307,Josh Donaldson,donaljo02
308,Sean Doolittle,doolise01
309,Brian Dozier,doziebr01
310,Lucas Duda,dudalu01
311,Brian Duensing,duensbr01
312,Danny Duffy,duffyda01
313,Zach Duke,dukeza01
314,Mike Dunn,dunnmi01
315,Adam Duvall,duvalad01
316,Jarrod Dyson,dysonja01
317,Jacob deGrom,degroja01
318,Adam Eaton,eatonad02
319,Jacoby Ellsbury,ellsbja01
320,Edwin Encarnacion,encared01
321,Nathan Eovaldi,eovalna01
322,Alcides Escobar,escobal02
323,Eduardo Escobar,escobed01
324,Danny Espinosa,espinda01
325,Marco Estrada,estrama01
326,Adam Eaton,eatonad02
327,Jacoby Ellsbury,ellsbja01
328,Edwin Encarnacion,encared01
329,Nathan Eovaldi,eovalna01
330,Alcides Escobar,escobal02
331,Eduardo Escobar,escobed01
332,Danny Espinosa,espinda01
333,Marco Estrada,estrama01
334,Adam Eaton,eatonad02
335,Jacoby Ellsbury,ellsbja01
336,Edwin Encarnacion,encared01
337,Nathan Eovaldi,eovalna01
338,Alcides Escobar,escobal02
339,Eduardo Escobar,escobed01
340,Danny Espinosa,espinda01
341,Marco Estrada,estrama01
342,Jeurys Familia,familje01
343,Mike Fiers,fiersmi01
344,Wilmer Flores,florewi01
345,Tyler Flowers,flowety01
346,Mike Foltynewicz,foltymi01
347,Logan Forsythe,forsylo01
348,Dexter Fowler,fowlede01
349,Todd Frazier,frazito01
350,Freddie Freeman,freemfr01
351,David Freese,freesda01
352,Jeurys Familia,familje01
353,Mike Fiers,fiersmi01
354,Wilmer Flores,florewi01
355,Tyler Flowers,flowety01
356,Mike Foltynewicz,foltymi01
357,Logan Forsythe,forsylo01
358,Dexter Fowler,fowlede01
359,Todd Frazier,frazito01
360,Freddie Freeman,freemfr01
361,David Freese,freesda01
362,Jeurys Familia,familje01
363,Mike Fiers,fiersmi01
364,Wilmer Flores,florewi01
365,Tyler Flowers,flowety01
366,Mike Foltynewicz,foltymi01
367,Logan Forsythe,forsylo01
368,Dexter Fowler,fowlede01
369,Todd Frazier,frazito01
370,Freddie Freeman,freemfr01
371,David Freese,freesda01
372,Freddy Galvis,galvifr01
373,Avisail Garcia,garciav01
374,Brett Gardner,gardnbr01
375,Chad Gaudin,gaudich01
376,Kevin Gausman,gausmke01
377,Scooter Gennett,gennesc01
378,Kyle Gibson,gibsoky01
379,Paul Goldschmidt,goldspa01
380,Yan Gomes,gomesya01
381,Carlos Gomez,gomezca01
382,Jeanmar Gomez,gomezje01
383,Carlos Gonzalez,gonzaca01
384,Gio Gonzalez,gonzagi01
385,Marwin Gonzalez,gonzama01
386,Alex Gordon,gordoal01
387,Dee Gordon,gordode01
388,Yasmani Grandal,grandya01
389,Curtis Granderson,grandcu01
390,Sonny Gray,grayso01
391,Luke Gregerson,gregelu01
392,Didi Gregorius,gregodi01
393,Zack Greinke,greinza01
394,Justin Grimm,grimmju01
395,Jedd Gyorko,gyorkje01
396,Freddy Galvis,galvifr01
397,Avisail Garcia,garciav01
398,Brett Gardner,gardnbr01
399,Chad Gaudin,gaudich01
400,Kevin Gausman,gausmke01
401,Scooter Gennett,gennesc01
402,Kyle Gibson,gibsoky01
403,Paul Goldschmidt,goldspa01
404,Yan Gomes,gomesya01
405,Carlos Gomez,gomezca01
406,Jeanmar Gomez,gomezje01
407,Carlos Gonzalez,gonzaca01
408,Gio Gonzalez,gonzagi01
409,Marwin Gonzalez,gonzama01
410,Alex Gordon,gordoal01
411,Dee Gordon,gordode01
412,Yasmani Grandal,grandya01
413,Curtis Granderson,grandcu01
414,Sonny Gray,grayso01
415,Luke Gregerson,gregelu01
416,Didi Gregorius,gregodi01
417,Zack Greinke,greinza01
418,Justin Grimm,grimmju01
419,Jedd Gyorko,gyorkje01
420,Freddy Galvis,galvifr01
421,Avisail Garcia,garciav01
422,Brett Gardner,gardnbr01
423,Chad Gaudin,gaudich01
424,Kevin Gausman,gausmke01
425,Scooter Gennett,gennesc01
426,Kyle Gibson,gibsoky01
427,Paul Goldschmidt,goldspa01
428,Yan Gomes,gomesya01
429,Carlos Gomez,gomezca01
430,Jeanmar Gomez,gomezje01
431,Carlos Gonzalez,gonzaca01
432,Gio Gonzalez,gonzagi01
433,Marwin Gonzalez,gonzama01
434,Alex Gordon,gordoal01
435,Dee Gordon,gordode01
436,Yasmani Grandal,grandya01
437,Curtis Granderson,grandcu01
438,Sonny Gray,grayso01
439,Luke Gregerson,gregelu01
440,Didi Gregorius,gregodi01
441,Zack Greinke,greinza01
442,Justin Grimm,grimmju01
443,Jedd Gyorko,gyorkje01
444,Cole Hamels,hamelco01
445,Billy Hamilton,hamilbi02
446,Jason Hammel,hammeja01
447,Brad Hand,handbr01
448,J.A. Happ,happja01
449,Bryce Harper,harpebr03
450,Will Harris,harriwi10
451,Josh Harrison,harrijo05
452,Matt Harvey,harvema01
453,Adeiny Hechavarria,hechaad01
454,Jeremy Hellickson,hellije01
455,Kyle Hendricks,hendrky01
456,Cesar Hernandez,hernace02
457,David Hernandez,hernada01
458,Enrique Hernandez,hernaen02
459,Felix Hernandez,hernafe02
460,Kelvin Herrera,herreke01
461,Odubel Herrera,herreod01
462,Jason Heyward,heywaja01
463,Aaron Hicks,hicksaa01
464,Rich Hill,hillri01
465,Derek Holland,hollade01
466,Greg Holland,hollagr01
467,Brock Holt,holtbr01
468,J.J. Hoover,hoovejj01
469,Eric Hosmer,hosmeer01
470,Daniel Hudson,hudsoda01
471,Jared Hughes,hugheja02
472,Nick Hundley,hundlni01
473,Tommy Hunter,hunteto02
474,Cole Hamels,hamelco01
475,Billy Hamilton,hamilbi02
476,Jason Hammel,hammeja01
477,Brad Hand,handbr01
478,J.A. Happ,happja01
479,Bryce Harper,harpebr03
480,Will Harris,harriwi10
481,Josh Harrison,harrijo05
482,Matt Harvey,harvema01
483,Adeiny Hechavarria,hechaad01
484,Jeremy Hellickson,hellije01
485,Kyle Hendricks,hendrky01
486,Cesar Hernandez,hernace02
487,David Hernandez,hernada01
488,Enrique Hernandez,hernaen02
489,Felix Hernandez,hernafe02
490,Kelvin Herrera,herreke01
491,Odubel Herrera,herreod01
492,Jason Heyward,heywaja01
493,Aaron Hicks,hicksaa01
494,Rich Hill,hillri01
495,Derek Holland,hollade01
496,Greg Holland,hollagr01
497,Brock Holt,holtbr01
498,J.J. Hoover,hoovejj01
499,Eric Hosmer,hosmeer01
500,Daniel Hudson,hudsoda01
501,Jared Hughes,hugheja02
502,Nick Hundley,hundlni01
503,Tommy Hunter,hunteto02
504,Cole Hamels,hamelco01
505,Billy Hamilton,hamilbi02
506,Jason Hammel,hammeja01
507,Brad Hand,handbr01
508,J.A. Happ,happja01
509,Bryce Harper,harpebr03
510,Will Harris,harriwi10
511,Josh Harrison,harrijo05
512,Matt Harvey,harvema01
513,Adeiny Hechavarria,hechaad01
514,Jeremy Hellickson,hellije01
515,Kyle Hendricks,hendrky01
516,Cesar Hernandez,hernace02
517,David Hernandez,hernada01
518,Enrique Hernandez,hernaen02
519,Felix Hernandez,hernafe02
520,Kelvin Herrera,herreke01
521,Odubel Herrera,herreod01
522,Jason Heyward,heywaja01
523,Aaron Hicks,hicksaa01
524,Rich Hill,hillri01
525,Derek Holland,hollade01
526,Greg Holland,hollagr01
527,Brock Holt,holtbr01
528,J.J. Hoover,hoovejj01
529,Eric Hosmer,hosmeer01
530,Daniel Hudson,hudsoda01
531,Jared Hughes,hugheja02
532,Nick Hundley,hundlni01
533,Tommy Hunter,hunteto02
534,Chris Iannetta,iannech01
535,Ender Inciarte,inciaen01
536,Chris Iannetta,iannech01
537,Ender Inciarte,inciaen01
538,Chris Iannetta,iannech01
539,Ender Inciarte,inciaen01
540,Edwin Jackson,jacksed01
541,Kenley Jansen,janseke01
542,Jon Jay,jayjo02
543,Jeremy Jeffress,jeffrje01
544,Dan Jennings,jennida01
545,Adam Jones,jonesad01
546,Matthew Joyce,joycema01
547,Edwin Jackson,jacksed01
548,Kenley Jansen,janseke01
549,Jon Jay,jayjo02
550,Jeremy Jeffress,jeffrje01
551,Dan Jennings,jennida01
552,Adam Jones,jonesad01
553,Matthew Joyce,joycema01
554,Edwin Jackson,jacksed01
555,Kenley Jansen,janseke01
556,Jon Jay,jayjo02
557,Jeremy Jeffress,jeffrje01
558,Dan Jennings,jennida01
559,Adam Jones,jonesad01
560,Matthew Joyce,joycema01
561,Shawn Kelley,kellesh01
562,Joe Kelly,kellyjo05
563,Matt Kemp,kempma01
564,Howie Kendrick,kendrho01
565,Ian Kennedy,kenneia01
566,Clayton Kershaw,kershcl01
567,Kevin Kiermaier,kiermke01
568,Ian Kinsler,kinslia01
569,Brandon Kintzler,kintzbr01
570,Jason Kipnis,kipnija01
571,Corey Kluber,klubeco01
572,Tom Koehler,koehlto01
573,Shawn Kelley,kellesh01
574,Joe Kelly,kellyjo05
575,Matt Kemp,kempma01
576,Howie Kendrick,kendrho01
577,Ian Kennedy,kenneia01
578,Clayton Kershaw,kershcl01
579,Kevin Kiermaier,kiermke01
580,Ian Kinsler,kinslia01
581,Brandon Kintzler,kintzbr01
582,Jason Kipnis,kipnija01
583,Corey Kluber,klubeco01
584,Tom Koehler,koehlto01
585,Shawn Kelley,kellesh01
586,Joe Kelly,kellyjo05
587,Matt Kemp,kempma01
588,Howie Kendrick,kendrho01
589,Ian Kennedy,kenneia01
590,Clayton Kershaw,kershcl01
591,Kevin Kiermaier,kiermke01
592,Ian Kinsler,kinslia01
593,Brandon Kintzler,kintzbr01
594,Jason Kipnis,kipnija01
595,Corey Kluber,klubeco01
596,Tom Koehler,koehlto01
597,Juan Lagares,lagarju01
598,Jake Lamb,lambja01
599,Wade LeBlanc,leblawa01
600,DJ LeMahieu,lemahdj01
601,Mike Leake,leakemi01
602,Jon Lester,lestejo01
603,Francisco Lindor,lindofr01
604,Francisco Liriano,liriafr01
605,Evan Longoria,longoev01
606,Jed Lowrie,lowrije01
607,Jonathan Lucroy,lucrojo01
608,Jordan Lyles,lylesjo01
609,Lance Lynn,lynnla01
610,Juan Lagares,lagarju01
611,Jake Lamb,lambja01
612,Wade LeBlanc,leblawa01
613,DJ LeMahieu,lemahdj01
614,Mike Leake,leakemi01
615,Jon Lester,lestejo01
616,Francisco Lindor,lindofr01
617,Francisco Liriano,liriafr01
618,Evan Longoria,longoev01
619,Jed Lowrie,lowrije01
620,Jonathan Lucroy,lucrojo01
621,Jordan Lyles,lylesjo01
622,Lance Lynn,lynnla01
623,Juan Lagares,lagarju01
624,Jake Lamb,lambja01
625,Wade LeBlanc,leblawa01
626,DJ LeMahieu,lemahdj01
627,Mike Leake,leakemi01
628,Jon Lester,lestejo01
629,Francisco Lindor,lindofr01
630,Francisco Liriano,liriafr01
631,Evan Longoria,longoev01
632,Jed Lowrie,lowrije01
633,Jonathan Lucroy,lucrojo01
634,Jordan Lyles,lylesjo01
635,Lance Lynn,lynnla01
636,Manny Machado,machama01
637,Martin Maldonado,maldoma01
638,Jake Marisnick,marisja01
639,Nick Markakis,markani01
640,Starling Marte,martest01
641,Leonys Martin,martile01
642,Russell Martin,martiru01
643,Carlos Martinez,martica04
644,J.D. Martinez,martijd02
645,Jeff Mathis,mathije01
646,Cameron Maybin,maybica01
647,Zach McAllister,mcallza01
648,Brian McCann,mccanbr01
649,Andrew McCutchen,mccutan01
650,Jake McGee,mcgeeja01
651,Collin McHugh,mchugco01
652,Mark Melancon,melanma01
653,Jordy Mercer,mercejo03
654,Devin Mesoraco,mesorde01
655,Wade Miley,mileywa01
656,Andrew Miller,millean01
657,Brad Miller,millebr02
658,Shelby Miller,millesh01
659,Tommy Milone,milonto01
660,Mike Minor,minormi01
661,Yadier Molina,molinya01
662,Matt Moore,moorema02
663,Kendrys Morales,moralke01
664,Mitch Moreland,morelmi01
665,Logan Morrison,morrilo01
666,Brandon Morrow,morrobr01
667,Charlie Morton,mortoch02
668,Mike Moustakas,moustmi01
669,Daniel Murphy,murphda08
670,Wil Myers,myerswi01
671,Manny Machado,machama01
672,Martin Maldonado,maldoma01
673,Jake Marisnick,marisja01
674,Nick Markakis,markani01
675,Starling Marte,martest01
676,Leonys Martin,martile01
677,Russell Martin,martiru01
678,Carlos Martinez,martica04
679,J.D. Martinez,martijd02
680,Jeff Mathis,mathije01
681,Cameron Maybin,maybica01
682,Zach McAllister,mcallza01
683,Brian McCann,mccanbr01
684,Andrew McCutchen,mccutan01
685,Jake McGee,mcgeeja01
686,Collin McHugh,mchugco01
687,Mark Melancon,melanma01
688,Jordy Mercer,mercejo03
689,Devin Mesoraco,mesorde01
690,Wade Miley,mileywa01
691,Andrew Miller,millean01
692,Brad Miller,millebr02
693,Shelby Miller,millesh01
694,Tommy Milone,milonto01
695,Mike Minor,minormi01
696,Yadier Molina,molinya01
697,Matt Moore,moorema02
698,Kendrys Morales,moralke01
699,Mitch Moreland,morelmi01
700,Logan Morrison,morrilo01
701,Brandon Morrow,morrobr01
702,Charlie Morton,mortoch02
703,Mike Moustakas,moustmi01
704,Daniel Murphy,murphda08
705,Wil Myers,myerswi01
706,Manny Machado,machama01
707,Martin Maldonado,maldoma01
708,Jake Marisnick,marisja01
709,Nick Markakis,markani01
710,Starling Marte,martest01
711,Leonys Martin,martile01
712,Russell Martin,martiru01
713,Carlos Martinez,martica04
714,J.D. Martinez,martijd02
715,Jeff Mathis,mathije01
716,Cameron Maybin,maybica01
717,Zach McAllister,mcallza01
718,Brian McCann,mccanbr01
719,Andrew McCutchen,mccutan01
720,Jake McGee,mcgeeja01
721,Collin McHugh,mchugco01
722,Mark Melancon,melanma01
723,Jordy Mercer,mercejo03
724,Devin Mesoraco,mesorde01
725,Wade Miley,mileywa01
726,Andrew Miller,millean01
727,Brad Miller,millebr02
728,Shelby Miller,millesh01
729,Tommy Milone,milonto01
730,Mike Minor,minormi01
731,Yadier Molina,molinya01
732,Matt Moore,moorema02
733,Kendrys Morales,moralke01
734,Mitch Moreland,morelmi01
735,Logan Morrison,morrilo01
736,Brandon Morrow,morrobr01
737,Charlie Morton,mortoch02
738,Mike Moustakas,moustmi01
739,Daniel Murphy,murphda08
740,Wil Myers,myerswi01
741,Dioner Navarro,navardi01
742,Jimmy Nelson,nelsoji02
743,Pat Neshek,neshepa01
744,Juan Nicasio,nicasju01
745,Jon Niese,niesejo01
746,Aaron Nola,nolaaa01
747,Ricky Nolasco,nolasri01
748,Ivan Nova,novaiv01
749,Eduardo Nunez,nunezed02
750,Dioner Navarro,navardi01
751,Jimmy Nelson,nelsoji02
752,Pat Neshek,neshepa01
753,Juan Nicasio,nicasju01
754,Jon Niese,niesejo01
755,Aaron Nola,nolaaa01
756,Ricky Nolasco,nolasri01
757,Ivan Nova,novaiv01
758,Eduardo Nunez,nunezed02
759,Dioner Navarro,navardi01
760,Jimmy Nelson,nelsoji02
761,Pat Neshek,neshepa01
762,Juan Nicasio,nicasju01
763,Jon Niese,niesejo01
764,Aaron Nola,nolaaa01
765,Ricky Nolasco,nolasri01
766,Ivan Nova,novaiv01
767,Eduardo Nunez,nunezed02
768,Darren O'Day,odayda01
769,Rougned Odor,odorro01
770,Jake Odorizzi,odorija01
771,Adam Ottavino,ottavad01
772,Chris Owings,owingch01
773,Marcell Ozuna,ozunama01
774,Darren O'Day,odayda01
775,Rougned Odor,odorro01
776,Jake Odorizzi,odorija01
777,Adam Ottavino,ottavad01
778,Chris Owings,owingch01
779,Marcell Ozuna,ozunama01
780,Darren O'Day,odayda01
781,Rougned Odor,odorro01
782,Jake Odorizzi,odorija01
783,Adam Ottavino,ottavad01
784,Chris Owings,owingch01
785,Marcell Ozuna,ozunama01
786,Joe Panik,panikjo01
787,Gerardo Parra,parrage01
788,Steve Pearce,pearcst01
789,Joc Pederson,pederjo01
790,Dustin Pedroia,pedrodu01
791,Hunter Pence,pencehu01
792,Cliff Pennington,pennicl01
793,Wily Peralta,peralwi01
794,Martin Perez,perezma02
795,Oliver Perez,perezol01
796,Salvador Perez,perezsa02
797,Yusmeiro Petit,petityu01
798,Kevin Pillar,pillake01
799,Michael Pineda,pinedmi01
800,A.J. Pollock,polloaj01
801,Drew Pomeranz,pomerdr01
802,Rick Porcello,porceri01
803,Buster Posey,poseybu01
804,Martin Prado,pradoma01
805,David Price,priceda01
806,Yasiel Puig,puigya01
807,Albert Pujols,pujolal01
808,Joe Panik,panikjo01
809,Gerardo Parra,parrage01
810,Steve Pearce,pearcst01
811,Joc Pederson,pederjo01
812,Dustin Pedroia,pedrodu01
813,Hunter Pence,pencehu01
814,Cliff Pennington,pennicl01
815,Wily Peralta,peralwi01
816,Martin Perez,perezma02
817,Oliver Perez,perezol01
818,Salvador Perez,perezsa02
819,Yusmeiro Petit,petityu01
820,Kevin Pillar,pillake01
821,Michael Pineda,pinedmi01
822,A.J. Pollock,polloaj01
823,Drew Pomeranz,pomerdr01
824,Rick Porcello,porceri01
825,Buster Posey,poseybu01
826,Martin Prado,pradoma01
827,David Price,priceda01
828,Yasiel Puig,puigya01
829,Albert Pujols,pujolal01
830,Joe Panik,panikjo01
831,Gerardo Parra,parrage01
832,Steve Pearce,pearcst01
833,Joc Pederson,pederjo01
834,Dustin Pedroia,pedrodu01
835,Hunter Pence,pencehu01
836,Cliff Pennington,pennicl01
837,Wily Peralta,peralwi01
838,Martin Perez,perezma02
839,Oliver Perez,perezol01
840,Salvador Perez,perezsa02
841,Yusmeiro Petit,petityu01
842,Kevin Pillar,pillake01
843,Michael Pineda,pinedmi01
844,A.J. Pollock,polloaj01
845,Drew Pomeranz,pomerdr01
846,Rick Porcello,porceri01
847,Buster Posey,poseybu01
848,Martin Prado,pradoma01
849,David Price,priceda01
850,Yasiel Puig,puigya01
851,Albert Pujols,pujolal01
852,Jose Quintana,quintjo01
853,Jose Quintana,quintjo01
854,Jose Quintana,quintjo01
855,Hanley Ramirez,ramirha01
856,Jose Ramirez,ramirjo01
857,Wilson Ramos,ramoswi01
858,Robbie Ray,rayro02
859,J.T. Realmuto,realmjt01
860,Josh Reddick,reddijo01
861,Addison Reed,reedad01
862,Anthony Rendon,rendoan01
863,Mark Reynolds,reynoma01
864,Clayton Richard,richacl01
865,Anthony Rizzo,rizzoan01
866,Tanner Roark,roarkta01
867,David Robertson,roberda08
868,Fernando Rodney,rodnefe01
869,Sean Rodriguez,rodrise01
870,Sergio Romo,romose01
871,Trevor Rosenthal,rosentr01
872,Tyson Ross,rossty01
873,James Russell,russeja02
874,Marc Rzepczynski,rzepcma01
875,Hanley Ramirez,ramirha01
876,Jose Ramirez,ramirjo01
877,Wilson Ramos,ramoswi01
878,Robbie Ray,rayro02
879,J.T. Realmuto,realmjt01
880,Josh Reddick,reddijo01
881,Addison Reed,reedad01
882,Anthony Rendon,rendoan01
883,Mark Reynolds,reynoma01
884,Clayton Richard,richacl01
885,Anthony Rizzo,rizzoan01
886,Tanner Roark,roarkta01
887,David Robertson,roberda08
888,Fernando Rodney,rodnefe01
889,Sean Rodriguez,rodrise01
890,Sergio Romo,romose01
891,Trevor Rosenthal,rosentr01
892,Tyson Ross,rossty01
893,James Russell,russeja02
894,Marc Rzepczynski,rzepcma01
895,Hanley Ramirez,ramirha01
896,Jose Ramirez,ramirjo01
897,Wilson Ramos,ramoswi01
898,Robbie Ray,rayro02
899,J.T. Realmuto,realmjt01
900,Josh Reddick,reddijo01
901,Addison Reed,reedad01
902,Anthony Rendon,rendoan01
903,Mark Reynolds,reynoma01
904,Clayton Richard,richacl01
905,Anthony Rizzo,rizzoan01
906,Tanner Roark,roarkta01
907,David Robertson,roberda08
908,Fernando Rodney,rodnefe01
909,Sean Rodriguez,rodrise01
910,Sergio Romo,romose01
911,Trevor Rosenthal,rosentr01
912,Tyson Ross,rossty01
913,James Russell,russeja02
914,Marc Rzepczynski,rzepcma01
915,CC Sabathia,sabatc.01
916,Fernando Salas,salasfe01
917,Danny Salazar,salazda01
918,Chris Sale,salech01
919,Jeff Samardzija,samarje01
920,Aaron Sanchez,sanchaa01
921,Anibal Sanchez,sanchan01
922,Jonathan Sanchez,sanchjo01
923,Pablo Sandoval,sandopa01
924,Carlos Santana,santaca01
925,Ervin Santana,santaer01
926,Hector Santiago,santihe01
927,Max Scherzer,scherma01
928,Jonathan Schoop,schoojo01
929,Corey Seager,seageco01
930,Kyle Seager,seageky01
931,Jean Segura,segurje01
932,Marcus Semien,semiema01
933,Luis Severino,severlu01
934,Bryan Shaw,shawbr01
935,Travis Shaw,shawtr01
936,Andrelton Simmons,simmoan01
937,Tony Sipp,sippto01
938,Joe Smith,smithjo05
939,Will Smith,smithwi04
940,Justin Smoak,smoakju01
941,Travis Snider,snidetr01
942,Eric Sogard,sogarer01
943,Yangervis Solarte,solarya01
944,Joakim Soria,soriajo01
945,George Springer,springe01
946,Craig Stammen,stammcr01
947,Giancarlo Stanton,stantmi03
948,Drew Storen,storedr01
949,Trevor Story,storytr01
950,Dan Straily,straida01
951,Stephen Strasburg,strasst01
952,Marcus Stroman,stromma01
953,Pedro Strop,stroppe01
954,Eugenio Suarez,suareeu01
955,Kurt Suzuki,suzukku01
956,Noah Syndergaard,syndeno01
957,CC Sabathia,sabatc.01
958,Fernando Salas,salasfe01
959,Danny Salazar,salazda01
960,Chris Sale,salech01
961,Jeff Samardzija,samarje01
962,Aaron Sanchez,sanchaa01
963,Anibal Sanchez,sanchan01
964,Jonathan Sanchez,sanchjo01
965,Pablo Sandoval,sandopa01
966,Carlos Santana,santaca01
967,Ervin Santana,santaer01
968,Hector Santiago,santihe01
969,Max Scherzer,scherma01
970,Jonathan Schoop,schoojo01
971,Corey Seager,seageco01
972,Kyle Seager,seageky01
973,Jean Segura,segurje01
974,Marcus Semien,semiema01
975,Luis Severino,severlu01
976,Bryan Shaw,shawbr01
977,Travis Shaw,shawtr01
978,Andrelton Simmons,simmoan01
979,Tony Sipp,sippto01
980,Joe Smith,smithjo05
981,Will Smith,smithwi04
982,Justin Smoak,smoakju01
983,Travis Snider,snidetr01
984,Eric Sogard,sogarer01
985,Yangervis Solarte,solarya01
986,Joakim Soria,soriajo01
987,George Springer,springe01
988,Craig Stammen,stammcr01
989,Giancarlo Stanton,stantmi03
990,Drew Storen,storedr01
991,Trevor Story,storytr01
992,Dan Straily,straida01
993,Stephen Strasburg,strasst01
994,Marcus Stroman,stromma01
995,Pedro Strop,stroppe01
996,Eugenio Suarez,suareeu01
997,Kurt Suzuki,suzukku01
998,Noah Syndergaard,syndeno01
999,CC Sabathia,sabatc.01
1000,Fernando Salas,salasfe01
1001,Danny Salazar,salazda01
1002,Chris Sale,salech01
1003,Jeff Samardzija,samarje01
1004,Aaron Sanchez,sanchaa01
1005,Anibal Sanchez,sanchan01
1006,Jonathan Sanchez,sanchjo01
1007,Pablo Sandoval,sandopa01
1008,Carlos Santana,santaca01
1009,Ervin Santana,santaer01
1010,Hector Santiago,santihe01
1011,Max Scherzer,scherma01
1012,Jonathan Schoop,schoojo01
1013,Corey Seager,seageco01
1014,Kyle Seager,seageky01
1015,Jean Segura,segurje01
1016,Marcus Semien,semiema01
1017,Luis Severino,severlu01
1018,Bryan Shaw,shawbr01
1019,Travis Shaw,shawtr01
1020,Andrelton Simmons,simmoan01
1021,Tony Sipp,sippto01
1022,Joe Smith,smithjo05
1023,Will Smith,smithwi04
1024,Justin Smoak,smoakju01
1025,Travis Snider,snidetr01
1026,Eric Sogard,sogarer01
1027,Yangervis Solarte,solarya01
1028,Joakim Soria,soriajo01
1029,George Springer,springe01
1030,Craig Stammen,stammcr01
1031,Giancarlo Stanton,stantmi03
1032,Drew Storen,storedr01
1033,Trevor Story,storytr01
1034,Dan Straily,straida01
1035,Stephen Strasburg,strasst01
1036,Marcus Stroman,stromma01
1037,Pedro Strop,stroppe01
1038,Eugenio Suarez,suareeu01
1039,Kurt Suzuki,suzukku01
1040,Noah Syndergaard,syndeno01
1041,Masahiro Tanaka,tanakma01
1042,Julio Teheran,teherju01
1043,Josh Tomlin,tomlijo01
1044,Carlos Torres,torreca01
1045,Blake Treinen,treinbl01
1046,Mike Trout,troutmi01
1047,Mark Trumbo,trumbma01
1048,Troy Tulowitzki,tulowtr01
1049,Justin Turner,turneju01
1050,Masahiro Tanaka,tanakma01
1051,Julio Teheran,teherju01
1052,Josh Tomlin,tomlijo01
1053,Carlos Torres,torreca01
1054,Blake Treinen,treinbl01
1055,Mike Trout,troutmi01
1056,Mark Trumbo,trumbma01
1057,Troy Tulowitzki,tulowtr01
1058,Justin Turner,turneju01
1059,Masahiro Tanaka,tanakma01
1060,Julio Teheran,teherju01
1061,Josh Tomlin,tomlijo01
1062,Carlos Torres,torreca01
1063,Blake Treinen,treinbl01
1064,Mike Trout,troutmi01
1065,Mark Trumbo,trumbma01
1066,Troy Tulowitzki,tulowtr01
1067,Justin Turner,turneju01
1068,Justin Upton,uptonju01
1069,Justin Upton,uptonju01
1070,Justin Upton,uptonju01
1071,Jose Valverde,valvejo01
1072,Jason Vargas,vargaja01
1073,Justin Verlander,verlaju01
1074,Stephen Vogt,vogtst01
1075,Edinson Volquez,volqued01
1076,Joey Votto,vottojo01
1077,Jose Valverde,valvejo01
1078,Jason Vargas,vargaja01
1079,Justin Verlander,verlaju01
1080,Stephen Vogt,vogtst01
1081,Edinson Volquez,volqued01
1082,Joey Votto,vottojo01
1083,Jose Valverde,valvejo01
1084,Jason Vargas,vargaja01
1085,Justin Verlander,verlaju01
1086,Stephen Vogt,vogtst01
1087,Edinson Volquez,volqued01
1088,Joey Votto,vottojo01
1089,Michael Wacha,wachami01
1090,Adam Wainwright,wainwad01
1091,Neil Walker,walkene01
1092,Tony Watson,watsoto01
1093,Zack Wheeler,wheelza01
1094,Matt Wieters,wietema01
1095,Justin Wilson,wilsoju10
1096,Kolten Wong,wongko01
1097,Alex Wood,woodal02
1098,Michael Wacha,wachami01
1099,Adam Wainwright,wainwad01
1100,Neil Walker,walkene01
1101,Tony Watson,watsoto01
1102,Zack Wheeler,wheelza01
1103,Matt Wieters,wietema01
1104,Justin Wilson,wilsoju10
1105,Kolten Wong,wongko01
1106,Alex Wood,woodal02
1107,Michael Wacha,wachami01
1108,Adam Wainwright,wainwad01
1109,Neil Walker,walkene01
1110,Tony Watson,watsoto01
1111,Zack Wheeler,wheelza01
1112,Matt Wieters,wietema01
1113,Justin Wilson,wilsoju10
1114,Kolten Wong,wongko01
1115,Alex Wood,woodal02
1116,Christian Yelich,yelicch01
1117,Christian Yelich,yelicch01
1118,Christian Yelich,yelicch01
1119,Ryan Zimmerman,zimmery01
1120,Jordan Zimmermann,zimmejo02
1121,Ben Zobrist,zobribe01
1122,Mike Zunino,zuninmi01
1123,Ryan Zimmerman,zimmery01
1124,Jordan Zimmermann,zimmejo02
1125,Ben Zobrist,zobribe01
1126,Mike Zunino,zuninmi01
1127,Ryan Zimmerman,zimmery01
1128,Jordan Zimmermann,zimmejo02
1129,Ben Zobrist,zobribe01
1130,Mike Zunino,zuninmi01
